facebook_spend,google_spend,tiktok_spend,instagram_spend,snapchat_spend,followers,average_price,promotions,email_volume,sms_volume,revenue,date,year,month,quarter,day_of_year,revenue_lag_1,google_spend_lag_1,revenue_lag_2,google_spend_lag_2,revenue_lag_4,google_spend_lag_4,revenue_ma_4,google_spend_ma_4,revenue_ma_8,google_spend_ma_8,revenue_ma_12,google_spend_ma_12,total_media_spend,facebook_spend_ratio,google_spend_ratio,tiktok_spend_ratio,instagram_spend_ratio,snapchat_spend_ratio,google_spend_lag_1_ratio,google_spend_lag_2_ratio,google_spend_lag_4_ratio,google_spend_ma_4_ratio,google_spend_ma_8_ratio,google_spend_ma_12_ratio,facebook_spend_adstock,facebook_spend_saturated,google_spend_adstock,google_spend_saturated,tiktok_spend_adstock,tiktok_spend_saturated,snapchat_spend_adstock,snapchat_spend_saturated,google_spend_x_average_price,facebook_spend_x_promotions,tiktok_spend_x_promotions,email_volume_x_sms_volume
6030.8,3130.14,2993.22,1841.08,2204.72,0,101.95,0,102684,20098,83124.16,2023-09-17,2023,9,3,260,,,,,,,,,,,,,16199.96,0.37227252412945944,0.193218995602339,0.18476712288167083,0.11364719419053278,0.13609416319538065,,,,,,,6030.8,0.4917385222106283,3130.14,0.32080050458452597,2993.22,0.5594251079755816,2204.72,0.4352442906477764,319117.773,0.0,0.0,2063743032
5241.44,2704.0,0.0,0.0,0.0,0,103.86,0,96573,29920,373.02,2023-09-24,2023,9,3,267,83124.16,3130.14,,,,,,,,,,,11075.58,0.47324293626114994,0.24414071317236283,0.0,0.0,0.0,0.28261635056558426,,,,,,7653.76,0.5393198856780017,4582.084,0.42731753510625886,897.9659999999999,0.38141314188145276,1102.36,0.29228372793953694,280837.44,0.0,0.0,2889464160
5893.0,0.0,0.0,0.0,0.0,0,100.38,0,96797,22304,513.01,2023-10-01,2023,10,4,274,373.02,2704.0,83124.16,3130.14,,,,,,,,,11727.14,0.5025095632861017,0.0,0.0,0.0,0.0,0.23057625303336485,0.26691418367968067,,,,,8954.504,0.5703238716394906,2749.2504,0.2878611275075123,269.3898,0.2304205377143809,551.18,0.1812130167856982,0.0,0.0,0.0,2158960288
7167.16,0.0,0.0,0.0,0.0,0,103.14,0,99098,14171,452.78,2023-10-08,2023,10,4,281,513.01,0.0,373.02,2704.0,,,21115.7425,1458.5349999999999,,,,,11329.695,0.632599553650268,0.0,0.0,0.0,0.0,0.0,0.2386648537315094,,0.12873559261733986,,,10748.9616,0.6057052288986691,1649.5502399999998,0.17964042755250173,80.81693999999999,0.12693644440271262,275.59,0.10602686763621819,0.0,0.0,0.0,1404317758
5360.29,0.0,0.0,3237.15,0.0,0,107.76,0,120754,30207,41441.95,2023-10-15,2023,10,4,288,452.78,0.0,513.01,0.0,83124.16,3130.14,10695.189999999999,676.0,,,,,12403.58,0.43215668379578137,0.0,0.0,0.26098513493663844,0.0,0.0,0.0,0.2523577870258003,0.05450039424097357,,,9659.874640000002,0.5851210311400081,989.7301439999999,0.10604648254272797,24.245081999999996,0.06594553884573573,137.795,0.05975904296226045,0.0,0.0,0.0,3647616078
4195.29,3385.89,0.0,3438.69,0.0,0,102.55,0,116640,25808,113722.05249999999,2023-10-22,2023,10,4,295,41441.95,0.0,452.78,0.0,373.02,2704.0,39032.448124999995,846.4725,,,,,14570.3425,0.287933519750625,0.23238232045661766,0.0,0.23600611996578938,0.0,0.0,0.0,0.18558245971212714,0.058095580114154416,,,7997.484464,0.5480386097251403,3736.3284,0.3687310182168766,0.0,0.0,0.0,0.0,347223.0195,0.0,0.0,3010245120
4788.44,4012.79,0.0,3103.79,838.75,0,107.29,0,109633,15211,42968.41,2023-10-29,2023,10,4,302,113722.05249999999,3385.89,41441.95,0.0,513.01,0.0,49646.298124999994,1849.67,,,,,17979.33,0.26633028038293616,0.22318907323007964,0.0,0.17263101572740883,0.04665079288268992,0.18832125557504736,0.0,0.0,0.10287758220128175,,,7933.76144,0.5464529372644223,6044.324,0.5098874254497635,0.0,0.0,838.75,0.2441085827468317,430532.2391,0.0,0.0,1667627563
6862.08,0.0,0.0,2852.1,2230.06,0,110.24,0,135573,13775,1.0,2023-11-05,2023,11,4,309,42968.41,4012.79,113722.05249999999,3385.89,452.78,0.0,49533.353124999994,1849.67,35324.5478125,1654.1025,,,22846.692499999997,0.30035332247750945,0.0,0.0,0.1248364506152806,0.09760975248382338,0.17563986559534794,0.14820044520661002,0.0,0.08096007770048949,0.07240008592050146,,9975.240256,0.591345932320969,3626.5944,0.36044438969397946,0.0,0.0,2649.435,0.47623928545024635,0.0,0.0,0.0,1867518075
5792.88,0.0,0.0,3003.76,1598.5,0,108.45,0,114713,22805,23117.23,2023-11-12,2023,11,4,316,1.0,0.0,42968.41,4012.79,41441.95,0.0,44952.173125,1849.67,27823.681562499998,1262.835,,,17520.435,0.3306356263412805,0.0,0.0,0.1714432318602983,0.09123631918951142,0.0,0.22903483846135722,0.0,0.1055721504630989,0.07207783368388279,,9709.584384,0.5861174907919928,2175.95664,0.23389863763979019,0.0,0.0,2923.2174999999997,0.4983475398137432,0.0,0.0,0.0,2616029965
5881.88,0.0,2735.2,3705.38,2952.89,0,108.59,0,146399,21043,26904.34,2023-11-19,2023,11,4,323,23117.23,0.0,1.0,0.0,113722.05249999999,3385.89,23247.745000000003,1003.1975,31140.0965625,924.835,,,20589.272499999995,0.2856769222903405,0.0,0.13284587884291063,0.17996653354304779,0.14341886047690933,0.0,0.0,0.16444922956837624,0.04872428105458864,0.04491829422334136,,9710.824384,0.5861422730706188,1305.5739839999999,0.14192200075795727,2735.2,0.5460546172011819,4414.49875,0.5900999539277261,0.0,0.0,0.0,3080674157
5751.98,0.0,0.0,3087.06,0.0,0,105.41,0,159759,22372,77248.04,2023-11-26,2023,11,4,330,26904.34,0.0,23117.23,0.0,42968.41,4012.79,31817.652499999997,0.0,40731.9753125,924.835,,,13776.664999999997,0.41751614051701375,0.0,0.0,0.22407890443715947,0.0,0.0,0.0,0.2912744122033226,0.0,0.06713054284177838,,9593.349984,0.5837783548715859,520.057584,0.05195777841071802,820.56,0.36873638378648316,2207.249375,0.43549796466229534,0.0,0.0,0.0,3574128348
5274.61,6083.16,0.0,3659.59,0.0,0,105.46,0,106995,27347,95381.58,2023-12-03,2023,12,4,337,77248.04,0.0,26904.34,0.0,1.0,0.0,55662.7975,1520.79,52598.0753125,1685.23,42103.964375,1609.665,19833.045000000002,0.26595058902943747,0.30671840859519717,0.0,0.18451982537215816,0.0,0.0,0.0,0.0,0.07667960214879929,0.08497081512189127,0.08116075973201231,9062.916368,0.5726815086039074,6083.16,0.5118079130905359,246.16799999999998,0.22096954533809424,1077.41375,0.2880406656722798,641530.0536,0.0,0.0,2925992265
6221.97,0.0,0.0,0.0,0.0,0,101.97,0,167287,25568,470.87,2023-12-10,2023,12,4,344,95381.58,6083.16,77248.04,0.0,23117.23,0.0,50001.2075,1520.79,47476.6903125,1685.23,35216.19020833333,1348.82,16859.97,0.3690380231991106,0.0,0.0,0.0,0.0,0.360804912464043,0.0,0.0,0.09020122811601075,0.09995450762955096,0.08000132859069142,9776.868848,0.5874570372580706,3649.8959999999997,0.3622179951279172,73.85039999999998,0.12106227828371381,469.0175,0.16064592114947607,0.0,0.0,0.0,4277194016
6999.31,0.0,0.0,0.0,0.0,0,99.9,0,114569,15866,657.03,2023-12-17,2023,12,4,351,470.87,0.0,95381.58,6083.16,26904.34,0.0,43439.38,1520.79,33343.5625,1261.99375,35239.85770833333,1123.4866666666667,16988.740416666667,0.4119969949702253,0.0,0.0,0.0,0.0,0.0,0.358070101184699,0.0,0.08951752529617475,0.07428412695982972,0.06613125158848256,10850.738448000002,0.6075043433559859,2189.9375999999997,0.2352786322708445,22.155119999999997,0.06269114633540948,184.555625,0.0763609298890623,0.0,0.0,0.0,1817751754
4029.74,3939.57,0.0,0.0,1820.02,0,94.2,0,117837,26265,1308.13,2023-12-24,2023,12,4,358,657.03,0.0,470.87,0.0,77248.04,0.0,24454.4025,2505.6825,28136.0275,1252.84125,35306.11770833333,1451.7841666666666,14999.637916666667,0.2686558183861036,0.2626443399423641,0.0,0.0,0.12133759562132451,0.0,0.0,0.0,0.16704953238998993,0.08352476619499496,0.09678794746455621,8309.804928,0.5556179496446317,5253.53256,0.4678673813430341,0.0,0.0,1820.02,0.39339502721710184,371107.494,0.0,0.0,3094988805
5920.22,0.0,0.0,3877.99,1383.42,0,93.51,0,139477,28302,113722.05249999999,2023-12-31,2023,12,4,365,1308.13,3939.57,657.03,0.0,95381.58,6083.16,29039.520624999997,984.8925,42351.1590625,1252.84125,44745.22375,1451.7841666666666,24893.87791666667,0.23781831098456468,0.0,0.0,0.1557808716255531,0.055572699626410246,0.15825457219587474,0.0,0.24436369537768265,0.039563643048968686,0.050327283446694675,0.05831892369384928,9185.241696000001,0.5753041934332329,3152.119536,0.3226328168133494,0.0,0.0,2293.4300000000003,0.44399040325989836,0.0,0.0,0.0,3947478054
5178.41,0.0,0.0,2484.28,1814.93,0,92.3,0,79663,35353,113722.05249999999,2024-01-07,2024,1,1,7,113722.05249999999,0.0,1308.13,3939.57,470.87,0.0,57352.316249999996,984.8925,53676.761875,1252.84125,50768.565624999996,1451.7841666666666,17106.707916666666,0.30271224745421466,0.0,0.0,0.14522256486171556,0.10609463894749119,0.0,0.23029387180682884,0.0,0.05757346795170721,0.07323684113286658,0.08486636784459144,8798.494671999999,0.5668748551634665,1418.2452,0.15445425243194805,0.0,0.0,2961.6450000000004,0.5012860228609164,0.0,0.0,0.0,2816326039
4420.0,0.0,0.0,0.0,0.0,0,98.09,0,88992,23554,612.33,2024-01-14,2024,1,1,14,113722.05249999999,0.0,113722.05249999999,0.0,657.03,0.0,57341.14124999999,984.8925,50390.260624999995,1252.84125,41342.75541666667,1169.6266666666668,7827.360416666666,0.5646858921409728,0.0,0.0,0.0,0.0,0.0,0.0,0.0,0.1258269004582473,0.16005922601069264,0.14942798138880972,7875.684896,0.5449958065692427,850.9471199999999,0.09004586292890218,0.0,0.0,1480.8225000000002,0.3500798222768563,0.0,0.0,0.0,2096117568
4860.27,0.0,0.0,0.0,0.0,0,98.48,0,116720,34134,684.42,2024-01-21,2024,1,1,21,612.33,0.0,113722.05249999999,0.0,1308.13,3939.57,57185.213749999995,0.0,40819.808124999996,1252.84125,37819.08958333333,835.2275,10887.908749999999,0.44639150745964296,0.0,0.0,0.0,0.0,0.0,0.0,0.3618298141960808,0.0,0.11506720700601475,0.07671147133734317,7938.871024000001,0.54658058740686,510.568272,0.05087997591107926,0.0,0.0,740.4112500000001,0.22399750495886228,0.0,0.0,0.0,3984120480
6596.78,2974.53,2145.4,0.0,2129.47,0,94.23,0,117933,19661,1396.41,2024-01-28,2024,1,1,28,684.42,0.0,612.33,0.0,113722.05249999999,0.0,29103.803125,743.6325,29071.661874999998,864.2625,37935.37375,1083.105,16537.18,0.3989059803422355,0.1798692401000776,0.12973191317979865,0.0,0.12876862923416882,0.0,0.0,0.0,0.0449673100250194,0.05226178223853628,0.06549514487955897,9731.063872,0.5865462652162838,2974.53,0.3076166375865024,2145.4,0.5097525097379899,2442.7999999999997,0.4580498905826333,280289.96190000005,0.0,0.0,2318680713
6234.01,0.0,0.0,0.0,0.0,0,94.82,0,76309,12750,818.77,2024-02-04,2024,2,1,35,1396.41,2974.53,684.42,0.0,113722.05249999999,0.0,877.9825000000001,743.6325,29115.149374999997,864.2625,36077.16875,1083.105,11899.54,0.5238866376342918,0.0,0.0,0.0,0.0,0.24997016691380508,0.0,0.0,0.06249254172845127,0.07262990838295208,0.09102074533965931,10065.812495999999,0.5930921818412114,1784.718,0.1939920826827765,643.62,0.3355098598710642,1178.168125,0.3048174177049958,0.0,0.0,0.0,972939750
6767.44,0.0,0.0,0.0,0.0,0,92.59,0,134013,30048,1055.24,2024-02-11,2024,2,1,42,818.77,0.0,1396.41,2974.53,612.33,0.0,988.71,743.6325,29164.925624999996,864.2625,33923.07708333333,1083.105,12432.97,0.5443140295516322,0.0,0.0,0.0,0.0,0.0,0.2392453291528579,0.0,0.059811332288214475,0.06951376058973076,0.08711554841676035,10740.738080000001,0.605558991704266,1070.8308,0.11534531984826293,193.086,0.196904882401817,532.3675,0.17662173114731722,0.0,0.0,0.0,4026822624
6004.65,5268.6,0.0,0.0,0.0,0,93.01,0,106886,17131,1473.77,2024-02-18,2024,2,1,49,1055.24,0.0,818.77,0.0,684.42,0.0,1186.0475000000001,2060.7825000000003,29185.630624999994,1030.3912500000001,27608.55458333333,1522.155,15886.578750000002,0.37796998929025033,0.3316384278142129,0.0,0.0,0.0,0.0,0.0,0.0,0.1297184581040586,0.0648592290520293,0.09581389573881925,10255.684432,0.5966950126266313,5911.098480000001,0.5032022804686814,57.925799999999995,0.10639207163910694,266.18375,0.10310065988050326,490032.48600000003,0.0,0.0,1831064066
5743.19,0.0,0.0,0.0,0.0,0,93.7,0,127170,30941,842.24,2024-02-25,2024,2,1,56,1473.77,5268.6,1055.24,0.0,1396.41,2974.53,1047.505,1317.15,15075.654062499998,1030.3912500000001,19730.27625,1015.225,17349.08625,0.3310370308405544,0.0,0.0,0.0,0.0,0.30368169966282593,0.0,0.17145168092056062,0.07592042491570648,0.059391672572923326,0.05851749108685276,9795.694608,0.5878299538307085,3546.6590880000003,0.354302181627038,17.37774,0.054654457245167425,133.091875,0.05802688432776825,0.0,0.0,0.0,3934766970
6972.44,0.0,2343.46,0.0,0.0,0,92.1,0,106941,18169,1208.4,2024-03-03,2024,3,1,63,842.24,0.0,1473.77,5268.6,818.77,0.0,1144.9125,1317.15,1011.4475,1030.3912500000001,19791.73708333333,1015.225,17947.266249999997,0.3884959359755481,0.0,0.1305747609332254,0.0,0.0,0.0,0.2935600289541069,0.0,0.07339000723852672,0.05741215601565092,0.05656711088238491,10823.166816,0.607018915548185,1896.6960000000001,0.20566566060074384,2343.46,0.5229829078948789,0.0,0.0,0.0,0.0,0.0,1943011029
5025.09,0.0,2818.23,0.0,0.0,0,96.4,0,151267,29164,774.75,2024-03-10,2024,3,1,70,1208.4,0.0,842.24,0.0,1055.24,0.0,1074.79,1317.15,1031.75,1030.3912500000001,19801.54708333333,1015.225,11206.08625,0.44842506901064727,0.0,0.2514910145366305,0.0,0.0,0.0,0.0,0.0,0.1175388061999634,0.09194925213065182,0.09059585812121462,9290.520464000001,0.577530256944926,1138.0176,0.12300855194395764,3521.268,0.5832944032446519,0.0,0.0,0.0,0.0,0.0,4411550788
5937.41,0.0,0.0,0.0,0.0,51091,104.92,0,99282,29226,293.52,2024-03-17,2024,3,1,77,774.75,0.0,1208.4,0.0,1473.77,5268.6,779.7275,0.0,982.8875,1030.3912500000001,19716.996249999997,686.9275000000001,12923.32875,0.45943348767595227,0.0,0.0,0.0,0.0,0.0,0.0,0.40768134138783113,0.0,0.07973110256126563,0.053154068374177084,9584.3196,0.5835952792810565,682.81056,0.07061804404452586,1056.3804,0.4046633364235228,0.0,0.0,0.0,0.0,0.0,2901615732
6289.45,0.0,0.0,0.0,0.0,52118,104.24,0,97931,26582,307.01,2024-03-24,2024,3,1,84,293.52,0.0,774.75,0.0,842.24,0.0,645.9200000000001,0.0,846.7125000000001,658.575,10265.742708333333,686.9275000000001,7634.952499999999,0.8237706783364747,0.0,0.0,0.0,0.0,0.0,0.0,0.0,0.0,0.08625790402744975,0.08997141763476596,10061.690224000002,0.5930130960948828,0.0,0.0,316.91411999999997,0.24815898129049907,0.0,0.0,0.0,0.0,0.0,2603201842
3109.85,0.0,2921.32,3068.89,0.0,53027,102.88,0,71591,22152,113722.05249999999,2024-03-31,2024,3,1,91,307.01,0.0,293.52,0.0,1208.4,0.0,28774.333124999997,0.0,14959.622812499998,658.575,10265.742708333333,686.9275000000001,10445.5625,0.2977197254812292,0.0,0.27967091288738194,0.29379844311850717,0.0,0.0,0.0,0.0,0.0,0.06304830400463063,0.06576261450729365,7075.715824000001,0.5236778353702473,0.0,0.0,3016.394236,0.5605653150814295,0.0,0.0,0.0,0.0,0.0,1585883832
5721.56,0.0,3273.66,0.0,0.0,54348,104.49,0,119607,15274,350.72,2024-04-07,2024,4,2,98,113722.05249999999,0.0,307.01,0.0,774.75,0.0,28668.325624999998,0.0,14871.557812499997,658.575,10243.941874999999,686.9275000000001,10340.722500000002,0.5533036980727861,0.0,0.31657942663066657,0.0,0.0,0.0,0.0,0.0,0.0,0.063687522801174,0.06642935249440604,8480.448544,0.5596293713950916,0.0,0.0,4172.883663,0.607826174901966,0.0,0.0,0.0,0.0,0.0,1826877318
3694.1,0.0,2990.84,0.0,0.0,56056,110.0,0,139067,27741,1.0,2024-04-14,2024,4,2,105,350.72,0.0,113722.05249999999,0.0,293.52,0.0,28595.195624999997,0.0,14687.461562499999,0.0,10186.990208333333,686.9275000000001,7371.8675,0.5011077586507067,0.0,0.40570995070054405,0.0,0.0,0.0,0.0,0.0,0.0,0.0,0.09318229064739271,7034.822496000001,0.5225210788335971,0.0,0.0,4235.8568000000005,0.609966344479876,0.0,0.0,0.0,0.0,0.0,3857857647
4994.79,3535.85,1500.95,0.0,0.0,57379,102.68,0,157673,21461,502.95,2024-04-21,2024,4,2,112,1.0,0.0,350.72,0.0,307.01,0.0,28644.180624999997,883.9625,14645.050312499998,441.98125,10112.535208333333,733.7041666666668,12091.237916666667,0.41309169784104627,0.29243076882336666,0.12413534580523274,0.0,0.0,0.0,0.0,0.0,0.07310769220584167,0.03655384610292083,0.06068064922076471,7747.91992,0.5417492844700549,3535.85,0.35346468233898737,2771.7070400000002,0.5480258358304998,0.0,0.0,363061.07800000004,0.0,0.0,3383820253
3802.05,0.0,0.0,0.0,1486.0,59281,104.74,0,119262,22880,256.55,2024-04-28,2024,4,2,119,502.95,3535.85,1.0,0.0,113722.05249999999,0.0,277.805,883.9625,14526.069062499999,441.98125,10065.683541666667,733.7041666666668,10883.547916666668,0.3493392071324633,0.0,0.0,0.0,0.13653635849050919,0.3248802713113505,0.0,0.0,0.08122006782783762,0.04061003391391881,0.06741406132300155,6836.814,0.5168198536878246,2121.5099999999998,0.2284939109086884,831.5121120000001,0.370590063461245,1486.0,0.3507948663406523,0.0,0.0,0.0,2728714560
5752.71,0.0,0.0,1926.91,1910.8,60655,106.3,0,132176,29946,32637.33,2024-05-05,2024,5,2,126,256.55,0.0,502.95,3535.85,350.72,0.0,8349.4575,883.9625,18508.8915625,441.98125,12697.524374999999,733.7041666666668,15185.917916666667,0.3788187208415348,0.0,0.0,0.1268879504401859,0.1258270991904693,0.0,0.23283742342088176,0.0,0.05820935585522044,0.02910467792761022,0.04831477232343903,8455.590736,0.5590505417885415,1272.906,0.13825903250082602,242.354826,0.21936133845324057,2653.8,0.4766088491671971,0.0,0.0,0.0,3958142496
8355.01,0.0,2793.85,2892.2,0.0,62251,110.29,0,98789,10460,1.0,2024-05-12,2024,5,2,133,32637.33,0.0,256.55,0.0,1.0,0.0,8349.4575,883.9625,18472.3265625,441.98125,12574.793541666668,294.65416666666664,15661.657916666667,0.5334690646705745,0.0,0.1783878829983309,0.1846675502291721,0.0,0.0,0.0,0.0,0.056441182964336686,0.028220591482168343,0.018813727654778897,11678.65752,0.6214383496147202,763.7435999999999,0.07996545425444422,2858.601454,0.5526092753045322,1326.9,0.3279513601218262,0.0,0.0,0.0,1033332940
3710.61,3208.48,2908.49,0.0,0.0,64231,108.75,0,137095,21565,64.5,2024-05-19,2024,5,2,140,1.0,0.0,32637.33,0.0,502.95,3535.85,8239.845000000001,802.12,18442.012812499997,843.04125,12509.981874999998,562.0275,15570.618750000001,0.2383084487247892,0.20605989084396142,0.18679347601379884,0.0,0.0,0.0,0.0,0.22708474574895932,0.051514972710990356,0.05414307957411509,0.03609538638274339,8344.245424,0.5564347625490554,3666.72616,0.36349432012191074,3758.8026949999994,0.5927823915805567,663.45,0.20729670433195038,348922.2,0.0,0.0,2956453675
6931.59,3689.53,3253.99,0.0,1054.69,64647,105.39,0,137539,28205,348.61,2024-05-26,2024,5,2,147,64.5,3208.48,1.0,0.0,256.55,0.0,8262.86,1724.5025,4270.3325,1304.2325,12438.332708333333,869.4883333333333,22036.503333333334,0.31455035742952203,0.16742810527554927,0.14766362660978077,0.0,0.04786104147494913,0.14559841692966158,0.0,0.0,0.0782566305513027,0.059185093037268384,0.039456728691512254,10218.141520000001,0.5959887628362583,5614.618,0.4877673272612762,4377.983499999999,0.6146668943535798,1386.415,0.3367129383757856,388839.5667,0.0,0.0,3879287495
4066.29,3462.79,0.0,0.0,2115.18,65355,107.06,0,126079,27892,182.06,2024-06-02,2024,6,2,154,348.61,3689.53,64.5,3208.48,32637.33,0.0,149.04250000000002,2590.2,4249.25,1737.08125,12388.941874999999,1158.0541666666666,22027.605416666665,0.18459972943411687,0.1572022893318395,0.0,0.0,0.09602405527014927,0.1674957368360489,0.14565723052088644,0.0,0.1175888141721937,0.07885928666058681,0.052572857773724536,8114.6136160000015,0.5509180331392327,6831.560799999999,0.5464841489444416,1313.39505,0.4364920286432189,2761.95,0.48558324424427085,370726.2974,0.0,0.0,3516595468
4697.5,4255.83,0.0,2568.43,1375.24,66171,103.89,0,93974,14775,75722.73,2024-06-09,2024,6,2,161,182.06,3462.79,348.61,3689.53,1.0,0.0,19079.475,3654.1575000000003,13714.46625,2269.06,18674.709375000002,1512.7066666666667,27485.244166666667,0.1709098879207079,0.15484053822449947,0.0,0.0934475962601775,0.05003557514935058,0.12598723806129816,0.13423675546143468,0.0,0.1329497921808652,0.08255557004478158,0.055037046696521055,7884.437696,0.545216149239426,8354.76648,0.6053983587536133,394.0185149999999,0.2733295131543275,2696.5025,0.48019380382181065,442138.1787,0.0,0.0,1388465850
5011.96,2926.56,0.0,0.0,1494.3,66951,96.05,0,91699,31153,862.45,2024-06-16,2024,6,2,168,75722.73,4255.83,182.06,3462.79,64.5,3208.48,19278.962499999998,3583.6775000000002,13759.40375,2192.89875,18720.996041666665,1756.5866666666668,27893.08291666667,0.17968469154062056,0.10492063601367897,0.0,0.0,0.0535724216811685,0.1525765370831609,0.1241451154877424,0.1150278013220876,0.1284790752856292,0.07861801280807555,0.06297570877747764,8080.179776,0.550076215340901,7939.419888,0.5906902420701746,111.41649899999997,0.1498639470823675,2842.55125,0.4920520470411504,281096.088,0.0,0.0,2856698947
4784.67,3077.61,3631.55,0.0,2417.87,68943,93.48,0,139939,23689,1252.73,2024-06-23,2024,6,2,175,862.45,2926.56,75722.73,4255.83,348.61,3689.53,19504.992499999997,3430.6975,13883.926249999999,2577.6,9348.5525,2013.0541666666668,32804.97166666667,0.14585197782262602,0.0938153530894904,0.11070120824670406,0.0,0.07370437702453726,0.08921086808841244,0.12973125059342994,0.1124686232772403,0.10457858445538323,0.07857345606606114,0.06136430133581032,7978.745264,0.5475737216019365,7591.770528,0.5776390910857246,3657.9073190000004,0.588835651542477,3839.145625,0.5593929135380228,287694.9828,0.0,0.0,3315014971
5112.11,0.0,1914.11,3398.0,2204.17,70153,90.7,0,75288,39436,113722.05249999999,2024-06-30,2024,6,2,182,1252.73,3077.61,862.45,2926.56,182.06,3462.79,47889.99062499999,2565.0,24019.516562499997,2577.6,18796.163541666665,2013.0541666666668,29251.004166666666,0.17476699161746448,0.0,0.06543741162160144,0.11616695210317156,0.07535365238883097,0.1052138238558687,0.10004989857182393,0.11838191879733415,0.08768929727623162,0.08812005171899205,0.0688200020483392,8232.628624,0.5537741284129982,4268.1644639999995,0.4066170644767261,3003.575,0.5599357548134458,4090.78375,0.573424437517759,0.0,0.0,0.0,2969057568
4793.33,0.0,1835.19,0.0,2928.65,71763,92.52,0,158042,30264,993.68,2024-07-07,2024,7,3,189,113722.05249999999,0.0,1252.73,3077.61,75722.73,4255.83,29207.728124999994,1501.0425,24143.601562499996,2577.6,18878.886875,2013.0541666666668,22982.306666666664,0.20856609693360842,0.0,0.07985229797063603,0.0,0.12743063794577303,0.0,0.1339121457491645,0.18517854024508196,0.06531296104304646,0.11215584394482939,0.08759147616742521,8044.74264,0.5492058140771998,2291.632128,0.24521980893316106,2736.2625,0.5461123791433283,4907.942500000001,0.612953221389385,0.0,0.0,0.0,4782983088
6066.51,5272.92,4143.25,0.0,1513.23,73053,89.78,0,80611,31503,1771.25,2024-07-14,2024,7,3,196,993.68,0.0,113722.05249999999,0.0,862.45,2926.56,29434.928124999995,2087.6325,24356.945312499996,2835.6549999999997,18984.578541666666,2157.81,27003.5675,0.22465587185832958,0.1952675327064858,0.15343343060128872,0.0,0.0560381512553643,0.0,0.0,0.10837679132577265,0.07730950734562117,0.10501038427603869,0.07990833063072872,9236.304656,0.5763874486207072,6316.965936,0.5231080519472014,4964.12875,0.6323617218799885,3924.2250000000004,0.5642492603082845,473402.7576,0.0,0.0,2539488333
6406.55,4012.27,3145.03,0.0,0.0,74272,94.75,0,137600,29393,1215.52,2024-07-21,2024,7,3,203,1771.25,5272.92,993.68,0.0,1252.73,3077.61,29425.625624999997,2321.2975,24465.3090625,2875.9975,19064.49270833333,2492.1658333333335,29603.840833333335,0.2164094191718592,0.13553207580689694,0.10623722839563765,0.0,0.0,0.178116077224041,0.0,0.10395982120447131,0.07841203825773449,0.09714947179288684,0.08418386814613468,10049.749392000002,0.5927838011264553,7574.880256,0.5769868794530276,4634.268625,0.6227193072556257,1915.415625,0.40441920084216415,380162.5825,0.0,0.0,4044476800
4952.91,0.0,0.0,0.0,0.0,74518,95.53,0,68655,12575,599.43,2024-07-28,2024,7,3,210,1215.52,4012.27,1771.25,5272.92,113722.05249999999,0.0,1144.97,2321.2975,24517.480312499996,2443.14875,16394.66770833333,2492.1658333333335,21494.712083333332,0.2304245798127301,0.0,0.0,0.0,0.0,0.18666311902401267,0.24531242751960783,0.0,0.10799388663590513,0.11366278089824906,0.11594320610902999,8923.814736000002,0.5696506987777167,4305.6132,0.4091488153566368,1381.455921,0.4439619548358868,882.1493750000001,0.2525834900708217,0.0,0.0,0.0,863336625
4246.77,0.0,0.0,0.0,2043.29,75282,99.08,0,127725,27243,502.81,2024-08-04,2024,8,3,217,599.43,0.0,1215.52,4012.27,993.68,0.0,1022.2524999999999,2321.2975,15114.990312499998,1911.17,16436.485208333328,2492.1658333333335,17026.963333333333,0.2494144091849715,0.0,0.0,0.0,0.12000319493251585,0.0,0.23564213544425186,0.0,0.13633068061257175,0.11224373733497268,0.14636584249012907,7763.947888000001,0.5421596831295415,2583.3679199999997,0.2727973470508819,409.78548900000004,0.2780302149872651,2415.484375,0.4555386441473239,0.0,0.0,0.0,3479612175
4981.11,0.0,2665.89,0.0,1274.08,76091,93.73,0,148919,25488,902.76,2024-08-11,2024,8,3,224,502.81,0.0,599.43,0.0,1771.25,5272.92,805.13,1003.0675,15120.029062499998,1545.3500000000001,16506.34020833333,2224.7925,18967.21,0.26261690570185986,0.0,0.14055256413561057,0.0,0.06717276816143904,0.0,0.0,0.27800187797768994,0.052884293472760156,0.08147481891112006,0.11729677163899314,8037.605456,0.5490300111772687,1550.020752,0.16889671000103773,2784.3661349999998,0.5487029689401864,2390.301875,0.45320024928222985,0.0,0.0,0.0,3795647472
5324.32,0.0,0.0,0.0,0.0,76513,91.9,0,143946,11554,911.52,2024-08-18,2024,8,3,231,902.76,0.0,502.81,0.0,1215.52,4012.27,729.13,0.0,15077.377812499999,1160.64875,16553.249374999996,1917.3316666666667,12414.570416666667,0.4288767006265288,0.0,0.0,0.0,0.0,0.0,0.0,0.32319040170816227,0.0,0.09349085075395634,0.15444204691054697,8477.24112,0.5595547889944916,519.990192,0.051950118666090436,825.2417429999999,0.369531322122518,1147.8625,0.2998704369987121,0.0,0.0,0.0,1663152084
5664.25,4375.04,0.0,2069.35,0.0,78702,91.06,0,165567,19043,113722.05249999999,2024-08-25,2024,8,3,238,911.52,0.0,902.76,0.0,599.43,0.0,29009.785624999997,1093.76,15077.377812499999,1707.52875,26014.915416666667,1993.3524999999997,16903.28125,0.3350976604022754,0.2588278533197459,0.0,0.12242297630815174,0.0,0.0,0.0,0.0,0.06470696332993647,0.1010175908892831,0.11792695575001572,8989.543376,0.571089333405936,4375.04,0.41379717080017275,239.93009999999998,0.21832996008635286,573.93125,0.18667716826058434,398391.1424,0.0,0.0,3152892381
2456.94,2946.06,0.0,0.0,0.0,79696,94.18,0,166198,21775,876.53,2024-09-01,2024,9,3,245,113722.05249999999,4375.04,911.52,0.0,502.81,0.0,29103.215624999997,1830.275,15062.7340625,2075.78625,19777.732083333332,1884.205,15568.30625,0.15781678241320707,0.1892344583084051,0.0,0.0,0.0,0.281022221026593,0.0,0.0,0.11756416983374954,0.13333410948276192,0.12102825893464099,6002.039552,0.4907827475617776,5571.084,0.4854338371363801,71.97902999999998,0.11943316617695705,286.965625,0.10952718138743149,277459.93080000003,0.0,0.0,3618961450
4107.07,0.0,0.0,0.0,0.0,80425,96.0,0,111207,20830,620.5,2024-09-08,2024,9,3,252,876.53,2946.06,113722.05249999999,4375.04,902.76,0.0,29032.650624999995,1830.275,14918.8903125,1416.6712499999999,19757.569583333334,1640.3249999999998,16315.44125,0.2517290177485995,0.0,0.0,0.0,0.0,0.1805688215755853,0.2681533360305115,0.0,0.1121805394015242,0.08683009109539906,0.10053819414776749,6464.398896000001,0.5056236046822794,3342.6504,0.33821210158596515,21.593708999999997,0.061792300918726645,79.63,0.03735010004313326,0.0,0.0,0.0,2316441810
6322.34,0.0,0.0,0.0,0.0,81794,104.01,0,81657,18593,327.42,2024-09-15,2024,9,3,259,620.5,0.0,876.53,2946.06,911.52,0.0,28886.625624999997,1830.275,14807.877812499999,915.1374999999998,19680.460416666665,1383.8575,13397.67,0.4718984718981197,0.0,0.0,0.0,0.0,0.0,0.2198934590863785,0.0,0.13661144064592082,0.0683057203229604,0.10329090804587418,8857.092992,0.5681782317991886,2005.59024,0.21682550162411765,0.0,0.0,0.0,0.0,0.0,0.0,0.0,1518248601
5500.94,3734.7,0.0,0.0,0.0,83014,108.16,0,113389,21114,123.65,2024-09-22,2024,9,3,266,327.42,0.0,620.5,0.0,113722.05249999999,4375.04,487.025,1670.19,14748.4053125,1381.975,10213.926875,1695.0825000000002,18357.9275,0.29964929320028105,0.20343799701779872,0.0,0.0,0.0,0.0,0.0,0.2383188407295767,0.0909792240980955,0.07527946714024483,0.09233517781345833,8989.25616,0.5710830724649991,4938.054144,0.44941784989648526,0.0,0.0,0.0,0.0,403945.15199999994,0.0,0.0,2394095346
4535.22,0.0,0.0,0.0,0.0,83837,107.96,0,80931,15983,94.09,2024-09-29,2024,9,3,273,123.65,3734.7,327.42,0.0,876.53,2946.06,291.415,933.675,14697.315312499999,1381.975,10138.961041666667,1695.0824999999998,15226.7125,0.29784630135999624,0.0,0.0,0.0,0.0,0.24527290444326358,0.0,0.1934797153356685,0.061318226110815895,0.09075990631589664,0.11132294643370239,8072.9205440000005,0.5498982513090439,2622.629376,0.27640276241523093,0.0,0.0,0.0,0.0,0.0,0.0,0.0,1293520173
7148.24,0.0,3252.96,1224.13,0.0,84844,106.78,0,129473,37223,24518.03,2024-10-06,2024,10,4,280,94.09,0.0,123.65,3734.7,620.5,0.0,6265.7975,933.675,17649.224062499998,1381.975,12034.526041666666,1255.6725,18931.352499999997,0.3775873910750024,0.0,0.17182924463523047,0.06466151850478478,0.0,0.0,0.19727592098863658,0.0,0.049318980247159146,0.07299927461597211,0.06632766993268636,10352.249152,0.5984979325518286,1344.492,0.1462689423006174,3252.96,0.5716921877612273,0.0,0.0,0.0,0.0,0.0,4819373479
5951.02,0.0,2464.89,2440.32,0.0,86487,113.38,0,90505,19164,1.0,2024-10-13,2024,10,4,287,24518.03,0.0,94.09,0.0,327.42,0.0,6184.1925,933.675,17535.4090625,1381.975,11933.316041666665,921.3166666666666,14093.196666666667,0.42226189989040414,0.0,0.17489928355489617,0.17315588916531133,0.0,0.0,0.0,0.0,0.06625005114756345,0.09805972574466919,0.06537315049644613,10049.863264000001,0.5927859892419963,806.6951999999999,0.08493102610456837,3440.778,0.5799182824170472,0.0,0.0,0.0,0.0,0.0,1734437820
5297.24,0.0,0.0,0.0,0.0,87926,107.71,0,102844,19519,126.03,2024-10-20,2024,10,4,294,1.0,0.0,24518.03,0.0,123.65,3734.7,6184.787499999999,0.0,3335.9062499999995,835.095,11893.866041666666,921.3166666666666,10788.351666666666,0.4910147688605896,0.0,0.0,0.0,0.0,0.0,0.0,0.3461789266228534,0.0,0.07740709848933296,0.08539920602629712,9252.444544000002,0.5767284451892816,484.01712,0.04787281928513337,1032.2334,0.40132537665163476,0.0,0.0,0.0,0.0,0.0,2007412036
5812.41,3917.62,0.0,0.0,2702.75,89172,101.56,0,92346,22285,808.08,2024-10-27,2024,10,4,301,126.03,0.0,1.0,0.0,94.09,0.0,6363.285,979.405,3327.35,956.54,11919.305208333331,1247.7849999999999,15616.509999999998,0.3721964766773292,0.2508639894571509,0.0,0.0,0.17307003933646312,0.0,0.0,0.0,0.06271599736428772,0.06125184180072164,0.07990165536340711,9457.058192000002,0.5809943024667066,3917.62,0.38206145698818833,309.67001999999997,0.24557945537623158,2702.75,0.48071370534344765,397873.4872,0.0,0.0,2057930610
4764.29,2223.0,2346.82,2374.89,3126.04,90504,102.39,0,112634,21214,107474.69,2024-11-03,2024,11,4,308,808.08,3917.62,126.03,0.0,24518.03,0.0,27102.45,1535.155,16684.12375,1234.415,20800.299375,1433.0349999999999,22955.265,0.2075467218521731,0.0968405287414034,0.10223449827300961,0.10345731142720266,0.13617965203183838,0.17066324435802824,0.0,0.0,0.06687594327485791,0.05377480939555532,0.06242729064549573,8500.672624,0.5600989323425389,4573.572,0.42677159184582675,2439.721006,0.5290047974985039,4477.415,0.5931770916591023,227612.97,0.0,0.0,2389417676
4662.24,5190.25,3315.6,2706.8,1873.13,91772,110.02,0,119358,12046,1.0,2024-11-10,2024,11,4,315,107474.69,2223.0,808.08,3917.62,1.0,0.0,27102.45,2832.7174999999997,16643.32125,1883.19625,20724.422708333335,1865.555833333333,30470.10958333333,0.15301028003353953,0.17033906575896535,0.10881483674783016,0.08883460010526804,0.0614743440576255,0.07295674450791002,0.1285725602425004,0.0,0.09296709262734394,0.06180470880319579,0.061225767115493095,7989.311072,0.5478359859220625,7934.3932,0.5905064809064751,4039.6116089999996,0.6031741660553767,4111.8375,0.574554166731124,571031.3049999999,0.0,0.0,1437786468
6276.67,2024.46,3478.41,2262.85,0.0,92112,109.77,0,127014,22717,1.0,2024-11-17,2024,11,4,322,1.0,5190.25,107474.69,2223.0,126.03,0.0,27071.1925,3338.8325,16627.989999999998,1669.4162499999998,11247.668333333335,1669.6741666666665,28133.562916666666,0.22310256324766434,0.07195889144918668,0.12363915691382661,0.08043240049978367,0.0,0.18448605373489282,0.0790159428645377,0.0,0.11867791185526835,0.05933895592763417,0.05934812350685016,9411.455984,0.5800526377450878,6785.09592,0.544453661848617,4684.303800000001,0.6242319055194594,2055.91875,0.4198532792566245,222224.9742,0.0,0.0,2885377038
5860.76,3693.21,0.0,0.0,0.0,93693,104.23,0,158888,11710,481.22,2024-11-24,2024,11,4,329,1.0,2024.46,1.0,5190.25,808.08,3917.62,26989.4775,3282.7299999999996,16676.38125,2131.0675,11214.725833333332,1731.9366666666665,27832.034166666665,0.21057605652903003,0.13269637346241425,0.0,0.0,0.0,0.07273848500889989,0.18648475238702797,0.14075938454727008,0.11794790062202556,0.07656887337942156,0.062228174063551446,9571.098655999998,0.5833268942174915,7764.267552,0.58420262688997,1405.2911399999998,0.44649714034958093,1027.959375,0.2794466248262496,384943.2783,0.0,0.0,1860578480
4245.34,0.0,0.0,0.0,0.0,94666,106.36,0,125437,23866,178.43,2024-12-01,2024,12,4,336,481.22,3693.21,1.0,2024.46,107474.69,2223.0,165.41250000000002,2726.9799999999996,13633.93125,2131.0675,11177.886666666667,1731.9366666666665,18775.994166666664,0.22610467186523533,0.0,0.0,0.0,0.0,0.19669850593342483,0.1078217207583596,0.11839586123995208,0.1452375824040146,0.11349958255644246,0.09224207524203859,8014.260384,0.5484537981573396,4353.9264,0.41238973533602336,421.5873419999999,0.28146271577627835,429.51875,0.15025439866786158,0.0,0.0,0.0,2993679442
5236.06,0.0,0.0,0.0,2064.98,95958,102.43,0,124058,20684,476.18,2024-12-08,2024,12,4,343,178.43,0.0,481.22,3693.21,1.0,5190.25,284.2075,1429.4175,13693.32875,2131.0675,11190.283333333333,1731.9366666666665,21476.92166666667,0.24379937130953955,0.0,0.0,0.0,0.0961487885484072,0.0,0.17196179495920683,0.24166638406346327,0.06655597679149088,0.09922592879344243,0.0806417555339841,8392.977824,0.5575842716363284,2439.49536,0.2593712059825802,120.77342999999998,0.15613335420549343,2182.050625,0.4329592177679781,0.0,0.0,0.0,2566015672
4542.06,0.0,0.0,2894.13,0.0,97010,101.78,0,127455,28106,113722.05249999999,2024-12-15,2024,12,4,350,476.18,0.0,178.43,0.0,1.0,2024.46,28714.470624999998,923.3025,27892.8315625,2131.0675,20656.816875,1420.7116666666668,13935.731666666667,0.325929065558936,0.0,0.0,0.20767693216427865,0.0,0.0,0.0,0.14527116684091437,0.06625432536189076,0.15292110604395756,0.10194740402930505,7851.509792,0.5443858571564945,1060.103376,0.11411817691681946,28.175120999999997,0.07171957298328019,1032.49,0.2802442761845376,0.0,0.0,0.0,3582250230
7319.16,0.0,0.0,2659.91,0.0,98353,95.53,0,167552,26040,113722.05249999999,2024-12-22,2024,12,4,357,113722.05249999999,0.0,476.18,0.0,481.22,3693.21,57024.67874999999,0.0,42007.078125,1641.365,30125.81375,1420.7116666666668,16734.356666666667,0.43737325227295615,0.0,0.0,0.15894904435117674,0.0,0.0,0.0,0.22069626419247626,0.0,0.09808354349638493,0.08489789568640829,10395.490816,0.5992989825564062,478.640016,0.04726545997156328,0.0,0.0,516.245,0.17263267272971736,0.0,0.0,0.0,4363054080
5635.73,4319.58,0.0,1994.75,0.0,98911,91.58,0,165944,33429,113722.05249999999,2024-12-29,2024,12,4,364,113722.05249999999,0.0,113722.05249999999,0.0,178.43,0.0,85410.58437499999,1079.895,42787.9984375,1903.4375,37559.48229166667,1780.6766666666665,16714.069166666668,0.3371847958626449,0.25843975856053497,0.0,0.11934556331602311,0.0,0.0,0.0,0.0,0.06460993964013374,0.11388235150988482,0.10653759111018003,9733.912144000002,0.5866030416310221,4319.58,0.4100886510447874,0.0,0.0,258.1225,0.10056928157635726,395587.13639999996,0.0,0.0,5547341976
3471.18,2162.88,1078.61,3331.39,0.0,100469,98.46,0,115084,19813,113722.05249999999,2025-01-05,2025,1,1,5,113722.05249999999,4319.58,113722.05249999999,0.0,476.18,0.0,113722.05249999999,1620.615,57003.13,1525.0162500000001,47036.236666666664,1960.9166666666667,19470.187916666666,0.1782817923922991,0.11108675526174266,0.0553980272104177,0.1711020979487613,0.0,0.22185610218482688,0.0,0.0,0.08323571436164239,0.078325707821946,0.10071380281785038,7321.272576,0.530480825014948,4754.628000000001,0.4382058879932483,1078.61,0.4076770442222212,129.06125,0.05653242491778494,212957.1648,0.0,0.0,2280159292
6040.9,0.0,2770.0,1916.33,2352.53,101969,96.19,0,127673,21370,113722.05249999999,2025-01-12,2025,1,1,12,113722.05249999999,2162.88,113722.05249999999,4319.58,113722.05249999999,0.0,113722.05249999999,1620.615,71218.2615625,1271.9587500000002,56502.571874999994,1960.9166666666667,24415.710416666672,0.24741856357674857,0.0,0.11345154217212561,0.0784875789930359,0.09635312509248761,0.08858558539106391,0.1769180550671012,0.0,0.06637591011454128,0.0520959139952452,0.08031372559724091,8915.791776,0.5694742897313039,2852.7768,0.29703913608436205,3093.583,0.5642963773741551,2352.53,0.4496502174509754,0.0,0.0,0.0,2728372010
5679.41,0.0,0.0,2390.24,1704.82,102577,87.56,0,116471,38548,113722.05249999999,2025-01-19,2025,1,1,19,113722.05249999999,0.0,113722.05249999999,2162.88,113722.05249999999,0.0,113722.05249999999,1620.615,85373.365625,810.3075,65912.06958333333,1634.4483333333335,16002.720833333333,0.35490277304384127,0.0,0.0,0.14936460023845982,0.10653313381858354,0.0,0.13515701626772209,0.0,0.10127121611865403,0.050635608059327014,0.1021356524527873,9199.216016,0.575601315982567,1711.66608,0.1862705023723339,928.0749,0.3860927281043516,2881.085,0.4950811573605881,0.0,0.0,0.0,4489724108
5700.38,3906.93,0.0,3168.8,1835.63,103934,95.24,0,125677,40153,113722.05249999999,2025-01-26,2025,1,1,26,113722.05249999999,0.0,113722.05249999999,0.0,113722.05249999999,4319.58,113722.05249999999,1517.4524999999999,99566.31843749998,1298.67375,66432.683125,1774.7758333333334,23522.222083333334,0.24234019982476823,0.16609527731508808,0.0,0.13471516376184142,0.07803812044185464,0.0,0.0,0.18363826277530135,0.06451144346071562,0.05521050457727048,0.07545102784273497,9305.118208,0.5778366809060748,4933.929647999999,0.44916974913219576,278.42247,0.233948210868058,3276.1725,0.5239770877265504,372096.0132,0.0,0.0,5046308581
4349.81,3370.31,0.0,1930.07,1405.61,104975,95.53,0,123310,26906,113722.05249999999,2025-02-02,2025,2,1,33,113722.05249999999,3906.93,113722.05249999999,0.0,113722.05249999999,2162.88,113722.05249999999,1819.31,113722.05249999999,1719.9625,75909.43749999999,1623.1141666666665,22287.99666666667,0.19516379444293025,0.15121637222061474,0.0,0.08659683635387899,0.06306578473701774,0.1752930089872701,0.0,0.0970423691436465,0.08162734530197122,0.07716990116799317,0.07282458764422844,8014.147408000001,0.548451005238774,5994.777248,0.5074188645382512,83.52674099999999,0.1291456740654969,3043.69625,0.5074342308452127,321965.7143,0.0,0.0,3317778860
6043.08,0.0,3003.27,3120.88,2044.07,106123,96.54,0,145709,24707,113722.05249999999,2025-02-09,2025,2,1,40,113722.05249999999,3370.31,113722.05249999999,3906.93,113722.05249999999,0.0,113722.05249999999,1819.31,113722.05249999999,1719.9625,85386.19187499999,1454.4091666666666,26482.22166666667,0.22819384551879113,0.0,0.11340702595881899,0.11784811860883604,0.07718649989899114,0.1272668903093186,0.14753029595383987,0.0,0.06869929656578962,0.06494781750748191,0.0549202096777549,9213.19408,0.5758980124156535,3428.6808,0.3450706870415934,3025.707,0.5610208733926916,3565.918125,0.5429571205803104,0.0,0.0,0.0,3600032263
4836.57,0.0,1192.9,0.0,0.0,106902,94.63,0,122854,20772,869.86,2025-02-16,2025,2,1,47,113722.05249999999,0.0,113722.05249999999,3370.31,113722.05249999999,0.0,85509.00437499999,1819.31,99615.5284375,1719.9625,85418.57854166666,1146.6416666666667,14085.694166666664,0.3433675289814364,0.0,0.08468876193706605,0.0,0.0,0.0,0.2392718427731688,0.0,0.12916012363125462,0.12210704560581856,0.0814046970705457,8459.988816,0.5591530893757874,2057.20848,0.22204842801114655,2093.8810000000003,0.5061074330037962,1709.4425,0.38001708613983876,0.0,0.0,0.0,2551923288
4090.85,2365.79,2467.43,0.0,0.0,108083,93.41,0,172392,18398,1282.31,2025-02-23,2025,2,1,54,869.86,0.0,113722.05249999999,0.0,113722.05249999999,3906.93,57399.06875,1434.025,85560.560625,1475.73875,85510.56854166665,1343.7908333333332,17084.554583333334,0.23944727268385405,0.1384753689924429,0.14442460223139983,0.0,0.0,0.0,0.0,0.22868199348955104,0.08393692636260529,0.0863785323053595,0.07865530393420196,7416.688368000001,0.5330600602069792,3600.1150879999996,0.35841969091844816,3095.5942999999997,0.564392253997308,801.4456250000001,0.2366326187782139,220988.44389999998,0.0,0.0,3171668016
4540.23,2454.76,0.0,0.0,1773.56,108863,94.88,0,149540,19145,1060.72,2025-03-02,2025,3,1,61,1282.31,2365.79,869.86,0.0,113722.05249999999,3370.31,29233.735624999998,1205.1375,71477.89406249998,1512.2237499999999,85559.28020833332,1548.3541666666667,18770.365416666667,0.24188287756860605,0.13077848755246133,0.0,0.0,0.09448723882723496,0.1260385691744763,0.0,0.1795548421772132,0.0642042641817344,0.08056442783242002,0.08248929268532089,7448.533456,0.533913119537912,4311.026176,0.40951334118114324,928.67829,0.3861851636218218,2116.919375,0.42627621231219925,232907.6288,0.0,0.0,2862943300
5313.83,3671.67,0.0,0.0,2071.52,109971,92.19,0,116986,19400,1451.84,2025-03-09,2025,3,1,68,1060.72,2454.76,1282.31,2365.79,113722.05249999999,0.0,1166.1825,2123.0550000000003,57444.11749999999,1971.1825000000001,76203.42916666665,1854.3266666666666,21826.134166666667,0.24346180406574053,0.1682235604326931,0.0,0.0,0.09491007359254301,0.11246884039354238,0.10839253446961764,0.0,0.09727123382396329,0.09031294708201365,0.0849590061394282,8248.701328,0.5541596668616919,5996.2104,0.5074905600550703,278.603487,0.23401810618935792,3086.054375,0.5105428789988297,338491.2573,0.0,0.0,2269528400
3373.65,2165.64,0.0,0.0,0.0,111212,94.71,0,103014,21349,906.13,2025-03-16,2025,3,1,75,1451.84,3671.67,1060.72,2454.76,869.86,0.0,1175.25,2664.465,43342.127187499995,2241.8875,66802.10229166666,2034.7966666666669,18606.869166666667,0.18131207189019863,0.11638927433737635,0.0,0.0,0.0,0.1973287374200304,0.13192762189118135,0.0,0.1431979220218215,0.1204870889303092,0.10935728350854511,6611.2493920000015,0.5101149859754226,5763.366239999999,0.4956094486584223,76.28309999999999,0.12314674733982955,1479.15,0.34984844971860024,205107.7644,0.0,0.0,2199245886
5962.69,4165.27,0.0,0.0,0.0,112542,96.3,0,135773,21937,1117.7,2025-03-23,2025,3,1,82,906.13,2165.64,1451.84,3671.67,1282.31,2365.79,1134.0974999999999,3114.335,29266.583124999997,2274.1800000000003,57418.40625,2021.9375,25741.512499999997,0.23163712699468159,0.16181139317273538,0.0,0.0,0.0,0.08413025458388114,0.14263614074730746,0.09190563297316275,0.12098492658497788,0.08834679003415657,0.07854773490870882,8557.663279999999,0.5614155746948024,7623.289744,0.5788516012332009,19.986182999999997,0.05915545701629448,739.575,0.22382076474864232,401115.50100000005,0.0,0.0,2978452301
4441.21,3359.31,0.0,0.0,0.0,113634,101.94,0,185460,22547,563.26,2025-03-30,2025,3,1,89,1117.7,4165.27,906.13,2165.64,1060.72,2454.76,1009.7324999999998,3340.4725000000003,15121.7340625,2272.805,47988.506875,2121.64,24321.107500000002,0.18260722707624122,0.1381232330805091,0.0,0.0,0.0,0.1712615266388789,0.08904364244099941,0.1009312589897064,0.13734870009511804,0.09344989737819567,0.08723451429993997,7822.385007999999,0.5436483482096128,7749.320016,0.5836408053746516,0.0,0.0,369.7875,0.13384628767647186,342448.0614,0.0,0.0,4181566620
6597.3,3633.62,0.0,1488.77,1316.82,114403,104.72,0,108308,29011,45758.31,2025-04-06,2025,4,2,96,563.26,3359.31,1117.7,4165.27,1451.84,3671.67,12086.349999999999,3330.9600000000005,6626.26625,2727.0074999999997,42324.861666666664,2424.4416666666666,32715.169166666667,0.20165874632615202,0.1110683543003399,0.0,0.04550702435359698,0.040251052754491,0.10268355889847448,0.1273192254876891,0.11223142332823163,0.10181698841382981,0.08335605682203537,0.07410756931485403,9679.762047999999,0.5855203834669418,8092.329871999999,0.596213198434909,0.0,0.0,1446.29,0.34526354373783186,380512.6864,0.0,0.0,3142123388
4732.49,0.0,0.0,0.0,0.0,115394,106.76,0,135364,19656,152.59,2025-04-13,2025,4,2,103,45758.31,3633.62,563.26,3359.31,906.13,2165.64,11897.964999999998,2789.55,6536.607499999999,2727.0074999999997,32860.73979166667,2424.4416666666666,21832.059166666666,0.21676791748638302,0.0,0.0,0.0,0.0,0.1664350564579896,0.15387050641230754,0.09919540724337728,0.12777310553728372,0.12490839637162415,0.11104961049057661,8549.9812,0.5612386593806878,4569.888864,0.42653510290295216,0.0,0.0,658.41,0.20617119399396286,0.0,0.0,0.0,2660714784
4132.63,0.0,2829.92,0.0,0.0,116462,110.42,0,161475,15104,1.0,2025-04-20,2025,4,2,110,152.59,0.0,45758.31,3633.62,1117.7,4165.27,11618.789999999997,1748.2325,6376.443749999999,2431.2837499999996,23383.985416666663,2098.8641666666667,21039.820416666666,0.19641945217005646,0.0,0.1345030491684681,0.0,0.0,0.0,0.17270204441098297,0.19797079620976743,0.0830916075031852,0.11555629762281174,0.09975675291425286,7518.076304,0.5357627208857979,2573.533152,0.27189029850838264,2829.92,0.5511129405173676,329.205,0.12217493409786818,0.0,0.0,0.0,2438918400
4528.9,0.0,2690.51,0.0,0.0,116809,105.34,0,140683,27813,274.38,2025-04-27,2025,4,2,117,1.0,0.0,152.59,0.0,563.26,3359.31,11546.57,908.405,6278.15125,2124.43875,13930.012708333334,1818.0049999999999,15429.568749999999,0.29352084127413247,0.0,0.1743736356855895,0.0,0.0,0.0,0.0,0.21771898193835282,0.05887429614644358,0.13768620396461975,0.11782604099021379,7475.072576,0.5346211117106734,1220.2284959999997,0.132326520258916,3539.4860000000003,0.5840467821898774,164.6025,0.06940754251666631,0.0,0.0,0.0,3912816279
6593.29,0.0,3963.99,0.0,1762.02,118823,103.87,0,121797,23216,442.35,2025-05-04,2025,5,2,124,274.38,0.0,1.0,0.0,45758.31,3633.62,217.58,0.0,6151.964999999999,1665.48,4490.037499999999,1818.0049999999999,19436.405,0.33922374019252055,0.0,0.20394666606288356,0.0,0.09065565365606928,0.0,0.0,0.18694918118850326,0.0,0.08568868574199515,0.09353607315751368,9537.841040000003,0.5826499031793579,470.917152,0.04639417731597929,5025.8358,0.6340832575805059,1844.32125,0.39624732111962196,0.0,0.0,0.0,2827639152
3146.53,3344.41,0.0,3237.09,0.0,120169,104.39,0,119720,27437,97051.69,2025-05-11,2025,5,2,131,442.35,0.0,274.38,0.0,152.59,0.0,24442.355,836.1025,18170.16,1812.82625,12505.19,2096.705833333333,14473.664583333333,0.21739691298505756,0.23106864061564844,0.0,0.2236537941970361,0.0,0.0,0.0,0.0,0.05776716015391211,0.1252499834828456,0.14486350856480923,6894.110064,0.5184868913668423,3344.41,0.3383534667119145,1507.75074,0.4569545106992468,881.01,0.252363961873683,349122.95989999996,0.0,0.0,3284757640
5446.53,3904.12,0.0,2621.63,0.0,121652,106.32,0,109840,16911,45820.0,2025-05-18,2025,5,2,138,97051.69,3344.41,442.35,0.0,1.0,0.0,35897.104999999996,1812.1325,23757.9475,1780.1825,16216.664166666667,2224.9,21133.905,0.2577152684275539,0.18473254232940636,0.0,0.12404853717279224,0.0,0.15824855841825813,0.0,0.0,0.08574527518691612,0.08423348642852126,0.10527633203607886,8155.713328000001,0.5519177707984936,5910.766,0.5031854066616137,452.325222,0.29008053842550235,440.505,0.1531797475063848,415086.03839999996,0.0,0.0,1857504240
4837.59,3875.86,2861.06,2757.17,1709.03,123619,111.43,0,79942,14290,1.0,2025-05-25,2025,5,2,145,45820.0,3904.12,97051.69,3344.41,274.38,0.0,35828.759999999995,2781.0975,23687.665,1844.75125,16128.354166666666,2343.3250000000003,30258.41375,0.15987586262675124,0.12809197574009376,0.09455419651663181,0.09112077132592877,0.05648114980909848,0.12902593084539038,0.11052826587774763,0.0,0.09191154311580793,0.060966555128799185,0.0774437490134203,8057.5572,0.5495210400748151,7422.319600000001,0.5710168862013273,2989.8808609999996,0.5592600378692688,1929.2825,0.40598390143514373,431887.07980000007,0.0,0.0,1142371180
5290.32,2766.82,2717.23,2188.0,0.0,124372,108.64,0,123394,17874,13215.02,2025-06-01,2025,6,2,152,1.0,3875.86,45820.0,3904.12,442.35,0.0,39021.9275,3472.8025,19619.75375,1736.40125,17108.619166666667,2267.9208333333336,28219.47458333333,0.1874705350865262,0.09804647467225092,0.09628917760233059,0.0775351076625458,0.0,0.13734699377740164,0.13834842985717474,0.0,0.12306403826702843,0.061532019133514214,0.08036722394087323,8466.966944,0.559315674815388,7220.21176,0.5628833738663764,3607.6563189999997,0.5868247493412717,964.64125,0.26807222976911227,300587.3248,0.0,0.0,2205544356
5226.27,3039.0,0.0,2892.78,0.0,125905,107.71,0,106746,28110,29931.84,2025-06-08,2025,6,2,159,13215.02,2766.82,1.0,3875.86,97051.69,3344.41,22241.965,3396.45,23342.160000000003,2116.27625,19527.428333333333,2340.7008333333333,28998.56708333333,0.18022511198499702,0.10479828162770119,0.0,0.09975596351661122,0.0,0.09541230061637257,0.1336569489402902,0.11533018132889113,0.11712475275893573,0.07297864904557926,0.0807178101802769,8545.541488,0.5611363349385172,7371.127056000001,0.5689812826724893,1072.6644,0.4068764292677045,427.2575,0.14964885009332946,327330.69,0.0,0.0,3000630060
4866.27,3968.14,0.0,771.94,0.0,127799,97.6,0,127152,19070,52896.49,2025-06-15,2025,6,2,166,29931.84,3039.0,13215.02,2766.82,45820.0,3904.12,24011.0875,3412.4550000000004,29954.096250000002,2612.29375,23842.3275,2324.273333333333,27665.312083333338,0.17589788921737384,0.14343376962622909,0.0,0.027902811928326943,0.0,0.10984875178146693,0.10001043876406658,0.14111968042285641,0.1233477861995478,0.09442487914578065,0.08401399291399014,8252.266128000001,0.5542450656845479,8130.754912,0.597580952514967,321.79931999999997,0.2498754029919927,213.62875,0.08618040868241789,387290.464,0.0,0.0,2424788640
9325.18,3326.57,0.0,0.0,0.0,129645,98.48,0,127605,22179,887.39,2025-06-22,2025,6,2,173,52896.49,3968.14,29931.84,3039.0,1.0,3875.86,24232.685,3275.1325,30030.7225,3028.115,23869.338333333333,2321.545,32159.542499999996,0.2899661896619674,0.1034395933959249,0.0,0.0,0.0,0.12338919311426046,0.09449761295575194,0.12051974930920722,0.10184014589134724,0.0941591442104333,0.0721883714607967,12570.313984,0.6351831056874558,7901.438576,0.5892982372983605,96.539796,0.1392347335257154,106.814375,0.04810709984760499,327600.61360000004,0.0,0.0,2830151295
6447.29,3879.41,0.0,0.0,2271.72,130690,94.21,0,82587,29898,1348.38,2025-06-29,2025,6,2,180,887.39,3326.57,52896.49,3968.14,13215.02,2766.82,21266.024999999998,3553.2799999999997,30143.97625,3513.0412499999998,20168.510833333334,2342.0275,32068.298749999998,0.20104870701935784,0.12097336470020226,0.0,0.0,0.07084005352791879,0.10373390948900783,0.12374027169117484,0.08627897667939549,0.11080350809064643,0.1095487252811908,0.07303248352079388,11425.878672,0.6173114056137738,8318.886272,0.6041639137670327,22.009563,0.06245915130382344,2271.72,0.44187824917197843,365479.21609999996,0.0,0.0,2469186126
5511.32,0.0,3049.32,0.0,1536.56,132134,93.59,0,105789,19282,1172.46,2025-07-06,2025,7,3,187,1348.38,3879.41,887.39,3326.57,29931.84,3039.0,14076.18,2793.5299999999997,18159.0725,3094.99,20253.5,2342.0275,28572.727499999997,0.19288743085510723,0.0,0.106721348180671,0.0,0.0537771551560649,0.1357731774118744,0.1164246570439884,0.1063601646009796,0.09776910517202189,0.10831972551444088,0.08196723606450174,10027.498592000002,0.59235569215894,4776.18384,0.4395426283516607,3049.32,0.5621692514869968,2672.42,0.47817879917584327,0.0,0.0,0.0,2039823498
4296.42,0.0,0.0,0.0,0.0,132912,93.96,0,136427,21019,744.42,2025-07-13,2025,7,3,194,1172.46,0.0,1348.38,3879.41,52896.49,3968.14,1038.1625,1801.495,12524.625,2606.975,20315.451666666668,2342.0275,18894.4675,0.22739037234035445,0.0,0.0,0.0,0.0,0.0,0.20531989059749617,0.21001597425266946,0.0953451056505851,0.13797557406678015,0.12395308309158544,8253.902432,0.554284251776884,2629.3976639999996,0.2770217796436971,914.796,0.3840452460417736,1336.21,0.32933975818664263,0.0,0.0,0.0,2867559113
3298.61,0.0,0.0,0.0,0.0,133834,88.72,0,138355,27012,891.25,2025-07-20,2025,7,3,201,744.42,0.0,1172.46,0.0,887.39,3326.57,1039.1275,969.8525,12635.90625,2122.4925,20366.857500000002,2342.0275,12059.5525,0.27352673326786087,0.0,0.0,0.0,0.0,0.0,0.0,0.27584522725841126,0.08042193107905088,0.1760009336995083,0.19420517469433946,6550.340368,0.5082644857001303,1269.076032,0.13782876722064463,274.4388,0.23240212659170048,668.105,0.2083326503694725,0.0,0.0,0.0,3737245260
6914.68,3837.16,0.0,0.0,0.0,134719,90.1,0,87947,32300,1488.14,2025-07-27,2025,7,3,208,891.25,0.0,744.42,0.0,1348.38,3879.41,1074.0675,959.29,11170.04625,2256.285,20454.006666666664,2661.7908333333335,20508.615833333333,0.33715976037534284,0.18709990138688273,0.0,0.0,0.0,0.0,0.0,0.1891600111643212,0.04677497534672068,0.1100164447145031,0.12978890701174178,9439.326304,0.5806287574158997,4339.931536,0.4114538611489642,82.33164,0.12817630712802197,334.0525,0.12359289337584389,345728.116,0.0,0.0,2840688100
6649.67,0.0,0.0,0.0,2308.36,135926,89.79,0,131738,21383,1177.78,2025-08-03,2025,8,3,215,1488.14,3837.16,891.25,0.0,1172.46,0.0,1075.3975,959.29,7575.78875,1876.41,12464.514166666668,2383.09,18013.98,0.36913941283360524,0.0,0.0,0.0,0.12814269805999112,0.21301011769735892,0.0,0.0,0.05325252942433973,0.10416409921621754,0.1322911427679323,10359.380272000002,0.5986303027875242,2302.296,0.24625241470469675,24.699492,0.0666351360253095,2404.395,0.4545116785938985,0.0,0.0,0.0,2816953654
4103.29,0.0,2546.4,0.0,1987.81,137218,93.05,0,132583,26178,950.45,2025-08-10,2025,8,3,222,1177.78,0.0,1488.14,3837.16,744.42,0.0,1126.905,959.29,1082.53375,1380.3925,8725.385,2057.7466666666664,16872.08916666667,0.24319987640322752,0.0,0.15092381120349246,0.0,0.11781647076202259,0.0,0.22742648892459671,0.0,0.05685662223114918,0.08181514964527056,0.12196158082964809,8190.606192000001,0.5527622558195764,1381.3775999999998,0.1503713836348618,2546.4,0.5353976183682463,3141.99,0.5145819769038206,0.0,0.0,0.0,3470757774
7929.61,0.0,3342.8,2410.68,1432.37,138794,96.91,0,92396,39918,113722.05249999999,2025-08-17,2025,8,3,229,950.45,0.0,1177.78,0.0,891.25,0.0,29334.605624999997,959.29,15186.8665625,964.57125,18202.139375,1734.7583333333332,18774.079583333332,0.42237010686986104,0.0,0.1780540018039439,0.12840469698119283,0.07629508512741268,0.0,0.0,0.0,0.0510965129204575,0.05137781832222461,0.09240177797437478,11161.857136,0.6128835091214822,828.8265599999999,0.08748940822976731,4106.72,0.6055379197354329,3003.365,0.504433315156392,0.0,0.0,0.0,3688263528
4090.74,0.0,0.0,2231.4,1666.77,140404,94.88,0,121519,16819,113722.05249999999,2025-08-24,2025,8,3,236,113722.05249999999,0.0,950.45,0.0,1488.14,3837.16,57393.08374999999,0.0,29233.575624999998,479.645,26577.725416666664,1504.1899999999998,13809.905,0.2962178233664198,0.0,0.0,0.16157967777463958,0.12069380636570584,0.0,0.0,0.2778556405708237,0.0,0.03473195507135296,0.10892109685033391,8521.705088,0.5605859650842547,497.2959359999999,0.049375128405927705,1232.016,0.42707638625285815,3168.4525,0.5164672172044007,0.0,0.0,0.0,2043828061
4116.7,0.0,0.0,782.06,0.0,141670,95.56,0,111165,25311,65119.2,2025-08-31,2025,8,3,243,113722.05249999999,0.0,113722.05249999999,0.0,1177.78,0.0,73378.43875,0.0,37226.918125,479.645,29510.005416666663,1250.94,6629.345000000001,0.620981409172971,0.0,0.0,0.11796942231831653,0.0,0.0,0.0,0.0,0.0,0.07235179342744666,0.18869737507975717,7454.575712000001,0.5340745442970768,0.0,0.0,369.6048,0.26577348604788914,1584.22625,0.36402429275820236,0.0,0.0,0.0,2813697315
4795.53,0.0,0.0,0.0,0.0,143477,93.65,0,93768,34203,864.1,2025-09-07,2025,9,3,250,65119.2,0.0,113722.05249999999,0.0,950.45,0.0,73356.85124999999,0.0,37241.878125,479.645,25173.972916666666,920.2616666666667,6195.436666666666,0.7740422924172028,0.0,0.0,0.0,0.0,0.0,0.0,0.0,0.0,0.07741907888105157,0.14853862870013168,7709.267664,0.5407558511414613,0.0,0.0,110.88143999999998,0.14949633088683825,719.976875,0.2196497139056134,0.0,0.0,0.0,3207146904
